{
  "neuralNetwork": {
    "numInputs": 11,
    "numHidden": 32,
    "numOutputs": 1,
    "hiddenWeights": [
      [
        0.5553046375476526,
        -0.3625169761352154,
        -0.3835767128758975,
        -0.7461032535050176,
        0.8666033046580751,
        -0.173851238512358,
        0.20336413443741994,
        -0.10967415066499808,
        -0.5724234552088676,
        -0.438752969356959,
        1.065478746517991
      ],
      [
        -0.2976755873960462,
        0.5503311433725937,
        0.41624011668026667,
        0.4874210693329759,
        -0.9797694846894824,
        -0.3145042355880191,
        -0.3591109210050779,
        -0.7005128670133552,
        0.18934760668832115,
        -0.03859958089143119,
        -1.0529880509755536
      ],
      [
        -0.06613031754937146,
        0.3075431476901879,
        -0.13526167109726794,
        0.05667887809723987,
        0.34326775519601066,
        -1.0065371738681554,
        -0.5358023337528247,
        0.7839958978539173,
        -1.243225683202914,
        -0.4003260718664288,
        -0.9400529364599373
      ],
      [
        -1.1031490206196772,
        0.1580506345219781,
        -1.0120754193093628,
        0.9843754215121167,
        0.9371996619172699,
        -0.20950390570304936,
        0.03627713130592569,
        -0.09839021686019311,
        -0.41428164830969666,
        0.5323445546858316,
        -0.7542059283143613
      ],
      [
        -0.028615389897624452,
        1.2024761474655503,
        0.44952864219249156,
        0.272458461043475,
        0.33287992120299487,
        -0.17662121647782447,
        0.7644797370246499,
        -0.3007518189592295,
        -0.8859037973815184,
        -0.4307051882003313,
        -0.12032754180438666
      ],
      [
        1.017877271401478,
        0.16981717643493188,
        -0.7529779485373255,
        0.013346708047250666,
        0.4137343670025077,
        1.0331988859085242,
        -0.29794243966349304,
        -0.39593627063916825,
        0.2590624129540388,
        -0.7656334615396674,
        0.5033583882724814
      ],
      [
        0.13875944564318965,
        -0.5806914053647916,
        -0.6609870289493941,
        -0.12652694007369195,
        -0.21212409547998956,
        -0.10048287340190341,
        1.3389016010190833,
        -0.1769495160638612,
        0.7767605487977561,
        0.3299514303683306,
        0.5463188770288835
      ],
      [
        0.20138333244858744,
        0.8802428329108267,
        -0.8500653240005412,
        0.8109589635553258,
        1.2600795666720914,
        0.6384712593343124,
        0.5544789851610332,
        -1.1001885332901342,
        0.42239171867711583,
        0.041851110278049504,
        -0.17750632865769667
      ],
      [
        0.18511544021080778,
        -0.5873040841837684,
        -0.3009314754310671,
        0.3893211584202111,
        -1.182568506594245,
        0.6069988530880069,
        -0.47622971037002937,
        -0.3382761477873988,
        0.48040742308256085,
        -0.3830320813726684,
        0.6455209228386364
      ],
      [
        0.4660243926905017,
        -0.30203681466309834,
        -0.09606239725568858,
        0.8585224087236224,
        -0.2879817348213939,
        -0.7126003502930496,
        -0.10387677551323599,
        0.1164497366586768,
        -0.09040579799602291,
        -0.57208435517833,
        0.8134398061017009
      ],
      [
        0.20749571106507797,
        0.11514526398610826,
        -0.6158163622387178,
        0.09846312419180964,
        -0.17086391122753783,
        0.6872887660344671,
        -0.8167543603760619,
        0.519482536530873,
        -0.8589982637328746,
        1.8082398365839425,
        -0.34673579138853966
      ],
      [
        -0.18796921565966399,
        -0.9104954682606238,
        -0.6693358694612873,
        -0.7287071991379839,
        0.35505696530203834,
        0.008872458991670253,
        1.0306599163591887,
        1.1725199274786566,
        -0.7036433613242556,
        0.38524226626930835,
        1.1157087531688195
      ],
      [
        -0.0693330942717722,
        -0.6454374394775377,
        0.33101927455538943,
        0.23914737999100635,
        0.6891957555692303,
        0.6491984954790939,
        0.9008501088389806,
        -0.3101017847247384,
        0.224158028203274,
        -1.2355873691853845,
        -0.2029063424058657
      ],
      [
        -1.8844533366356166,
        0.6959496434741077,
        -0.37958339147273124,
        -0.21122323876377622,
        0.021031647784691923,
        -1.1747471553384772,
        -0.2603240911986199,
        0.659723799011032,
        0.21063985025718474,
        -1.9542977573937534,
        -0.09457501917514764
      ],
      [
        0.7336853090086615,
        -0.33289201663789314,
        0.28461407558271906,
        -1.3696962947864095,
        0.29197572158621543,
        0.2965172926244959,
        0.21546983559769003,
        -0.7501041090996596,
        -0.6596500267583317,
        -0.04091448927179397,
        -0.7576284717121544
      ],
      [
        0.4066267702856447,
        0.4584487473106657,
        -0.3453643888405176,
        -0.06978535927107674,
        0.5308655326034766,
        -0.7246888904133424,
        -0.7773393842765228,
        0.1354472480389533,
        -0.4007954283742094,
        0.6019135328321349,
        0.7312087772171226
      ],
      [
        0.11983493089140586,
        -0.3205213087246461,
        0.6466464270560403,
        -0.3432093883643255,
        0.23740995899152853,
        -0.06676690122339922,
        -0.8676460218777375,
        -0.5084029679936674,
        -0.5518641036955008,
        0.40860106999266266,
        0.15822200540706163
      ],
      [
        0.4058079872430621,
        -0.023607390069594888,
        -0.0249677952279363,
        0.18995602319386165,
        -1.2077681667841293,
        0.7779891449938164,
        0.5121043525233502,
        0.4073125285964538,
        -0.3848211892050531,
        0.11873560037142705,
        -0.31907926480633886
      ],
      [
        0.473609500881626,
        0.32928359872225704,
        -0.5238808726433921,
        -0.6553545907439251,
        -0.20470270825559259,
        -0.8812540829723011,
        0.22613516505010325,
        -0.08374910826896363,
        -0.540189701741449,
        0.5389494908174085,
        -0.24646514021603214
      ],
      [
        0.4792347002097366,
        -0.13594436845188737,
        0.5166031055629238,
        -1.0152981328631463,
        -0.07681735266952473,
        -0.3250421571628194,
        -0.6472996282089604,
        0.3952918026214923,
        0.727127618775592,
        -0.2747774090614571,
        0.10729115644349786
      ],
      [
        -0.5838715481170971,
        0.04536179918799555,
        0.3838596729482563,
        0.8567344031708776,
        -0.20455533760193453,
        -0.1622214228898354,
        1.0462397505713084,
        0.02627180247079055,
        0.17462336496695688,
        0.6403224399323901,
        0.6356904768810536
      ],
      [
        -0.7597015374816349,
        0.21929321805263208,
        0.3819227662876,
        -0.6923588439737365,
        0.16836919160719788,
        0.11043078567531478,
        -0.3418143245378338,
        -0.6444331963719772,
        -0.20636827995602103,
        -0.15769455617884806,
        -0.5322358423155717
      ],
      [
        0.08565391731283614,
        -0.9849690638416864,
        -0.6228719611787695,
        0.014582513802382015,
        -0.5054804222172169,
        0.3752231037777926,
        -0.853561345866186,
        1.1013763980003788,
        -0.3775867011791047,
        0.6965314684514228,
        0.21117741630394943
      ],
      [
        0.7811449165117671,
        1.5268830846829844,
        0.48809600785003787,
        0.44606855333270323,
        -0.39783110936632177,
        0.3025565395286384,
        0.24744443182801343,
