{
  "neuralNetwork": {
    "numInputs": 11,
    "numHidden": 32,
    "numOutputs": 1,
    "hiddenWeights": [
      [
        -0.427638174878646,
        0.6371435562196299,
        0.13372221371247167,
        -0.04987889252716619,
        0.09447917069604692,
        0.5665780103204017,
        -0.04481589034203067,
        -0.0013273996872967494,
        0.15764119791029574,
        0.886175993906023,
        -0.8151431857259956
      ],
      [
        0.6537021520372888,
        0.7322773039224877,
        0.380805579442321,
        -0.32018458495688984,
        0.26515608110271005,
        0.5716649832350795,
        -0.8773649058751687,
        0.20244528003216977,
        -0.7555882533288149,
        -0.6275735833182238,
        0.1689338801320457
      ],
      [
        0.6043240408039839,
        -0.3687256378304806,
        -0.21040547782285937,
        -1.1175421965972934,
        0.2833658519929761,
        -0.6772106091835347,
        -0.23330328018927304,
        0.4537575676563937,
        1.7362638297583652,
        1.1553752384951532,
        0.3699335709948827
      ],
      [
        -0.7322887803280778,
        -0.7775990296196783,
        1.0059935264136637,
        0.9117285339902116,
        0.5186114810335867,
        0.7823304921317068,
        -2.9401376005632622,
        0.7422017784134464,
        1.1833903125883816,
        -0.563494074143141,
        0.09769132022993138
      ],
      [
        0.021832081287002852,
        0.3685871539273354,
        0.2867682733514992,
        -0.41471391732375334,
        0.18607811990073683,
        0.20861685556719992,
        -1.7466175549107634,
        0.18752823951456843,
        0.6089471494517766,
        1.3455749103584616,
        -0.17799512396735181
      ],
      [
        -0.3694758926967156,
        -0.5232484761383618,
        0.8047617748927947,
        -0.027904057253380642,
        -0.8968270896555831,
        -1.511137503889429,
        -0.795948244479039,
        0.5067358627217468,
        1.2567306990964013,
        -1.112083538117926,
        -0.6362080893494129
      ],
      [
        0.4792845713326148,
        -0.7705485304769082,
        0.4696131939900737,
        1.336259886348749,
        0.5180561992483972,
        -0.8014871772563702,
        -1.2223653374652614,
        0.2155566301580239,
        0.42553640450787006,
        -1.9541320146525494,
        -0.5573881193200985
      ],
      [
        -1.4633986094999427,
        0.5798431696165799,
        0.754000130368257,
        -0.21329277754362463,
        -1.1655989954209676,
        -0.26143843859331106,
        -0.1790131610142977,
        1.5452682420926473,
        1.517492455081628,
        -1.4480456734984595,
        1.0059351729706378
      ],
      [
        1.7016443064549251,
        -0.3181157218176485,
        1.0048553330430687,
        0.2007446781158454,
        1.3921300726628238,
        0.11579312064456136,
        -2.1145710458851332,
        -0.8915435422584442,
        1.5297514345360683,
        -0.6051187644161822,
        -0.36603011480364195
      ],
      [
        0.08776079754132689,
        -0.26444427237622514,
        -0.9798016238819592,
        0.15253231376312212,
        -0.39586145082533103,
        -1.8845086141493244,
        1.2569412128003083,
        0.8896335570282737,
        -0.18432249225305478,
        -1.0786166735129905,
        0.7455790756438437
      ],
      [
        1.6999831143542674,
        -1.5128901254774227,
        -0.1862310670519962,
        -2.2214813980489607,
        -0.687183279961678,
        0.038071275834601175,
        -0.5097867741054269,
        -0.7976387575383562,
        0.06380186433329246,
        -0.3880534334107493,
        -1.2193395499978352
      ],
      [
        -0.4510024692807117,
        -0.7274223351585496,
        0.34633118847405103,
        0.3616881216997606,
        0.8374595423407054,
        -0.07772804328329243,
        1.5271331660228065,
        0.2536934556718822,
        0.009230640153773863,
        1.0076385086213964,
        0.04015654472718124
      ],
      [
        0.48477247338872154,
        0.9402194845508924,
        -0.03870733290328229,
        -0.2638045239789392,
        -0.2465028137460538,
        0.340204969767345,
        0.2799322758481094,
        0.05759201338696131,
        -1.0149791028445592,
        0.3054126900064179,
        -0.18194798668088122
      ],
      [
        -0.5078675735935356,
        -1.0652316627194816,
        -0.4617183233103301,
        -0.8247011482280485,
        0.655889472949111,
        0.275168835786851,
        0.25846299321426186,
        -0.37609499922455003,
        0.6821419327615482,
        0.06199649152567141,
        0.2738849834020085
      ],
      [
        -0.5295251415022507,
        -0.19523769020203985,
        -0.018691372633130084,
        1.5611383196447857,
        0.9327916511267325,
        0.15974637787998655,
        -0.2997008237682728,
        0.09120785481023541,
        1.055144412219057,
        0.14007531051687125,
        -0.7157460253931306
      ],
      [
        -0.6129408573489672,
        0.13479133927483022,
        0.6267340555113261,
        -0.11024886564623856,
        0.5350080236994945,
        0.05439889471148256,
        -0.22892312929330008,
        -0.1882837226674807,
        -0.8778065501958872,
        0.3158928148050933,
        0.2623652383430075
      ],
      [
        -0.9013976864032396,
        0.9365598161364443,
        -1.2050467321036575,
        -0.06623323858392575,
        0.6068548736689195,
        0.635967651720593,
        -0.3772708720877623,
        -0.032678689870585344,
        0.25385755691949186,
        0.7531081078760177,
        -0.7781231981274924
      ],
      [
        -0.6382067310091841,
        -0.07066814939260983,
        0.10881312992564274,
        -0.01648131240559382,
        -0.30405245503183037,
        -0.6586712204842152,
        -0.19434565134532744,
        0.13500689582372624,
        0.05132096497464251,
        0.3813161147279847,
        0.08964969172339979
      ],
      [
        -0.41069344021904824,
        0.4901186072296163,
        -0.40111751955047953,
        0.4417691105178111,
        -0.024523459095287355,
        -0.307973495411307,
        1.8111965802321093,
        0.7432851073958983,
        0.5836315321275881,
        -0.40447978591122014,
        0.12361364121542094
      ],
      [
        0.15682952648555332,
        0.4107087555001027,
        0.16781010254471332,
        -2.5846486028235955,
        -0.4430301769236963,
        -0.05100340118220701,
        -0.7890762434325587,
        0.4911609852749062,
        0.6341321117034134,
        2.4206879216673456,
        -0.5658475599932936
      ],
      [
        0.39376632326243227,
        0.27880455903890344,
        0.7118723665782022,
        0.09666584829479875,
        -0.4245207578751957,
        0.3535455806890316,
        0.6117843338748994,
        -0.010688908853081809,
        0.7546160666177015,
        -0.4991468261915201,
        -0.3846413553600066
      ],
      [
        -0.3453358519923231,
        -0.40072169221299647,
        -0.8200334340384612,
        -0.7583038121534035,
        -0.26719074361589507,
        -0.12907156467630446,
        0.08068172701031132,
        0.10059222566826363,
        -0.2946795617211686,
        -0.3009111302400291,
        -0.24899825001948916
      ],
      [
        0.37863655608116825,
        -0.3924114786156658,
        -0.13061637720399893,
        0.30195623268206834,
        -0.31249715536630707,
        1.228281408129542,
        -0.8288300342930701,
        -0.8276685058547343,
        0.29991675966688097,
        0.6429844548295347,
        0.604581190372615
      ],
      [
        -0.3446264742730495,
        -0.2787648124733288,
        0.7266051748970671,
        -0.38211844818358015,
        -0.33443323188424934,
        0.44802236521917477,
        -0.42587110638227194,
